# time, north, east, depth, roll, pitch, yaw, vnorth, veast, vup, altitude
1623540651.795 25.985 190.905 2.025 -2.303 0.588 224.351 0.119 0.156 -0.174 0.721
1623540651.995 26.013 190.943 2.062 -2.172 0.598 223.778 0.131 0.196 -0.171 0.721
1623540652.195 26.044 190.993 2.098 -2.053 0.627 223.027 0.124 0.178 -0.162 0.509
1623540652.395 26.077 191.042 2.166 -1.933 0.685 222.122 0.121 0.192 -0.154 0.303
1623540652.595 26.077 191.042 2.166 -1.933 0.685 222.122 0.121 0.192 -0.154 0.227
1623540652.795 26.077 191.042 2.166 -1.933 0.685 222.122 0.121 0.192 -0.154 0.199
1623540652.995 26.120 191.121 2.241 -1.720 1.009 221.954 0.059 0.135 -0.153 0.189
1623540653.195 26.145 191.162 2.279 -1.470 1.007 220.564 0.146 0.200 -0.177 0.185
1623540653.395 26.172 191.198 2.313 -1.488 1.108 219.756 0.125 0.161 -0.169 0.183
1623540653.595 26.198 191.234 2.349 -1.538 1.198 219.098 0.113 0.178 -0.164 0.183
1623540653.795 26.217 191.273 2.430 -1.616 1.248 218.635 0.062 0.188 -0.170 0.183
1623540653.995 26.236 191.312 2.467 -1.728 1.191 218.131 0.116 0.170 -0.173 0.559
1623540654.195 26.250 191.341 2.502 -1.844 1.113 217.671 0.073 0.155 -0.158 0.927
1623540654.395 26.263 191.374 2.537 -1.968 0.992 216.940 0.050 0.149 -0.163 1.062
1623540654.595 26.275 191.406 2.573 -2.088 0.871 216.126 0.059 0.156 -0.169 1.111
1623540654.795 26.286 191.444 2.609 -2.218 0.761 215.307 0.040 0.202 -0.170 1.130
1623540654.995 26.291 191.470 2.665 -2.238 0.727 214.937 0.038 0.202 -0.173 1.136
1623540655.195 26.288 191.467 2.693 -2.265 0.686 214.472 0.036 0.199 -0.173 1.139
1623540655.395 26.303 191.502 2.737 -2.508 0.600 214.878 0.059 0.147 -0.178 1.140
1623540655.595 26.312 191.535 2.774 -2.363 0.383 212.815 0.014 0.162 -0.162 1.140
1623540655.795 26.314 191.565 2.807 -2.252 0.359 211.895 0.007 0.112 -0.153 1.834
1623540656.095 26.309 191.564 2.847 -2.105 0.332 210.834 -0.000 0.123 -0.142 2.218
1623540656.295 26.307 191.578 2.885 -1.913 0.404 210.449 -0.018 0.075 -0.128 2.197
1623540656.495 26.300 191.596 2.908 -1.772 0.517 209.800 -0.048 0.109 -0.117 2.175
1623540656.695 26.298 191.628 2.936 -1.671 0.667 209.546 0.023 0.194 -0.151 2.155
1623540656.895 26.304 191.669 2.965 -1.610 0.857 208.579 0.036 0.191 -0.122 2.126
1623540657.095 26.312 191.708 2.988 -1.580 1.037 208.182 0.035 0.181 -0.102 2.099
1623540657.295 26.322 191.750 3.008 -1.609 1.237 207.439 0.055 0.223 -0.090 2.081
1623540657.495 26.335 191.805 3.014 -1.580 1.291 206.693 0.052 0.224 -0.087 2.069
1623540657.695 26.335 191.805 3.014 -1.580 1.291 206.693 0.052 0.224 -0.087 2.065
1623540657.895 26.365 191.863 3.037 -1.768 1.788 206.777 0.106 0.202 -0.073 2.051
1623540658.095 26.383 191.906 3.052 -1.631 1.830 205.187 0.057 0.211 -0.069 2.025
1623540658.295 26.402 191.971 3.067 -1.659 1.950 204.509 0.066 0.215 -0.034 2.016
1623540658.495 26.402 191.971 3.067 -1.659 1.950 204.509 0.066 0.215 -0.034 2.012
1623540658.695 26.422 192.035 3.074 -1.738 2.040 203.625 0.063 0.210 -0.008 2.011
1623540658.895 26.441 192.099 3.050 -1.778 2.032 202.541 0.057 0.209 0.016 2.010
1623540659.095 26.441 192.099 3.050 -1.778 2.032 202.541 0.057 0.209 0.016 2.010
1623540659.295 26.458 192.161 3.042 -1.789 1.961 201.602 0.052 0.204 0.033 2.010
1623540659.495 26.473 192.221 3.031 -1.720 1.802 200.752 0.043 0.192 0.046 2.002
1623540659.695 26.473 192.221 3.031 -1.720 1.802 200.752 0.043 0.192 0.046 1.994
1623540659.895 26.485 192.278 3.015 -1.640 1.592 199.955 0.033 0.181 0.056 2.017
1623540660.095 26.494 192.332 3.019 -1.541 1.343 199.313 0.028 0.171 0.061 2.029
1623540660.295 26.494 192.332 3.019 -1.541 1.343 199.313 0.028 0.171 0.061 2.036
1623540660.495 26.502 192.382 3.000 -1.490 1.132 198.939 0.021 0.159 0.064 2.045
1623540660.696 26.502 192.382 3.000 -1.490 1.132 198.939 0.021 0.159 0.064 2.048
1623540660.895 26.502 192.382 3.000 -1.490 1.132 198.939 0.021 0.159 0.064 2.049
1623540661.095 26.514 192.477 2.962 -1.629 1.030 199.121 0.017 0.144 0.059 2.063
1623540661.295 26.523 192.518 2.960 -1.502 0.962 197.565 0.046 0.160 0.052 2.075
1623540661.495 26.528 192.540 2.953 -1.548 1.067 197.165 0.022 0.139 0.051 2.097
1623540661.695 26.533 192.567 2.941 -1.579 1.198 196.583 0.020 0.117 0.067 2.110
1623540661.895 26.538 192.588 2.927 -1.648 1.377 196.039 0.034 0.085 0.060 2.116
1623540662.095 26.547 192.619 2.912 -1.728 1.548 195.731 0.050 0.214 0.082 2.134
1623540662.295 26.554 192.658 2.895 -1.828 1.708 195.262 0.018 0.154 0.081 2.138
1623540662.495 26.559 192.692 2.879 -1.859 1.839 195.029 0.023 0.171 0.074 2.140
1623540662.695 26.560 192.724 2.863 -1.898 1.948 194.512 -0.007 0.135 0.057 2.155
1623540662.895 26.564 192.753 2.850 -1.909 2.020 193.869 0.043 0.141 0.067 2.168
1623540663.095 26.564 192.753 2.850 -1.909 2.020 193.869 0.043 0.141 0.067 2.172
1623540663.295 26.564 192.753 2.850 -1.909 2.020 193.869 0.043 0.141 0.067 2.174
1623540663.495 26.579 192.837 2.816 -1.939 2.170 194.265 0.013 0.173 0.060 2.191
1623540663.695 26.584 192.876 2.805 -1.733 1.984 192.672 0.032 0.203 0.049 2.212
1623540663.895 26.592 192.917 2.780 -1.651 1.902 192.563 0.042 0.181 0.045 2.217
1623540664.095 26.600 192.952 2.772 -1.541 1.773 192.412 0.037 0.161 0.031 2.220
1623540664.295 26.609 192.989 2.767 -1.470 1.633 192.519 0.047 0.187 0.013 2.219
1623540664.495 26.620 193.032 2.766 -1.390 1.512 192.363 0.062 0.227 -0.005 2.213
1623540664.695 26.637 193.079 2.769 -1.369 1.402 192.226 0.094 0.222 -0.016 2.212
1623540664.895 26.657 193.132 2.775 -1.458 1.331 192.729 0.103 0.285 -0.047 2.210
1623540665.095 26.682 193.181 2.785 -1.577 1.300 192.897 0.130 0.180 -0.044 2.203
1623540665.295 26.682 193.181 2.724 -1.577 1.300 192.895 0.130 0.180 -0.044 2.198
1623540665.495 26.708 193.235 2.736 -1.737 1.309 192.582 0.123 0.343 -0.068 2.190
1623540665.695 26.708 193.235 2.736 -1.737 1.309 192.582 0.123 0.343 -0.068 2.187
1623540665.895 26.778 193.404 2.758 -2.178 1.609 192.024 0.135 0.290 -0.017 2.186
1623540666.095 26.808 193.461 2.763 -1.973 1.600 190.276 0.144 0.255 -0.029 2.176
1623540666.295 26.808 193.461 2.763 -1.973 1.600 190.276 0.144 0.255 -0.029 2.168
1623540666.495 26.855 193.543 2.725 -1.975 1.605 189.650 0.141 0.256 -0.019 2.164
1623540666.695 26.855 193.543 2.725 -1.975 1.605 189.650 0.141 0.256 -0.019 2.163
1623540666.895 26.855 193.543 2.725 -1.975 1.605 189.650 0.141 0.256 -0.019 2.163
1623540667.095 26.943 193.716 2.731 -1.081 1.740 187.700 0.129 0.281 -0.003 2.151
1623540667.295 26.966 193.775 2.733 -0.922 1.671 187.597 0.093 0.283 -0.024 2.143
1623540667.495 26.984 193.837 2.740 -0.821 1.581 187.910 0.075 0.310 -0.033 2.139
1623540667.695 27.002 193.899 2.779 -0.806 1.510 187.656 0.091 0.249 -0.036 2.131
1623540667.895 27.019 193.946 2.787 -0.868 1.500 188.016 0.077 0.230 -0.040 2.122
1623540668.095 27.037 193.994 2.796 -1.007 1.470 187.601 0.099 0.234 -0.046 2.112
1623540668.295 27.055 194.042 2.805 -1.186 1.470 187.520 0.069 0.220 -0.039 2.106
1623540668.495 27.055 194.042 2.805 -1.186 1.470 187.520 0.069 0.220 -0.039 2.104
1623540668.695 27.055 194.042 2.805 -1.186 1.470 187.520 0.069 0.220 -0.039 2.103
1623540668.895 27.083 194.159 2.821 -1.977 1.709 187.618 0.039 0.224 -0.022 2.076
1623540669.095 27.088 194.189 2.867 -1.995 1.700 187.501 0.038 0.224 -0.024 2.066
1623540669.295 27.094 194.216 2.869 -2.049 1.670 186.311 0.033 0.144 -0.012 2.078
1623540669.495 27.101 194.241 2.870 -2.158 1.680 185.111 0.027 0.100 0.002 2.067
1623540669.695 27.104 194.269 2.869 -2.050 1.660 184.071 -0.007 0.084 0.004 2.072
1623540669.895 27.100 194.281 2.869 -1.706 1.591 182.995 -0.031 0.030 0.001 2.079
1623540670.095 27.091 194.291 2.870 -1.434 1.531 182.396 -0.056 0.069 -0.010 2.081
1623540670.295 27.080 194.298 2.968 -1.106 1.451 181.992 -0.045 -0.004 -0.017 2.073
1623540670.495 27.080 194.298 2.968 -1.106 1.451 181.992 -0.045 -0.004 -0.017 2.065
1623540670.695 27.062 194.297 2.976 -0.831 1.390 181.506 -0.077 -0.004 -0.034 2.063
1623540670.895 27.046 194.294 2.984 -0.484 1.291 181.734 -0.076 -0.028 -0.045 2.063
1623540671.095 27.027 194.292 2.993 -0.380 1.250 181.899 -0.105 0.008 -0.047 2.063
1623540671.295 27.027 194.292 2.993 -0.380 1.250 181.899 -0.105 0.008 -0.047 2.063
1623540671.495 26.969 194.296 3.042 -0.668 1.369 183.774 -0.114 0.012 -0.081 2.038
1623540671.695 26.969 194.296 3.042 -0.668 1.369 183.774 -0.114 0.012 -0.081 2.014
1623540671.895 26.940 194.303 3.066 -0.738 1.330 182.864 -0.073 0.030 -0.076 1.992
1623540672.095 26.940 194.303 3.066 -0.738 1.330 182.864 -0.073 0.030 -0.076 1.985
1623540672.295 26.923 194.318 3.087 -1.096 1.489 183.872 -0.041 0.070 -0.068 1.996
1623540672.496 26.917 194.346 3.106 -1.575 1.718 184.698 0.002 0.114 -0.052 1.991
1623540672.695 26.917 194.346 3.106 -1.575 1.718 184.698 0.002 0.114 -0.052 1.984
1623540672.895 26.926 194.393 3.009 -2.092 2.016 184.739 0.046 0.154 -0.029 1.972
1623540673.095 26.945 194.439 3.012 -2.564 2.298 184.740 0.090 0.194 0.002 1.972
1623540673.295 26.945 194.439 3.012 -2.564 2.298 184.740 0.090 0.194 0.002 1.974
1623540673.495 26.978 194.503 3.007 -2.876 2.529 183.961 0.123 0.224 0.033 1.981
1623540673.695 27.019 194.575 2.993 -2.987 2.670 182.840 0.144 0.254 0.056 1.968
1623540673.895 27.019 194.575 2.993 -2.987 2.670 182.840 0.144 0.254 0.056 1.953
1623540674.095 27.081 194.683 2.925 -2.825 2.659 181.450 0.151 0.273 0.069 1.967
1623540674.295 27.112 194.738 2.911 -2.305 2.473 180.579 0.159 0.281 0.068 1.975
1623540674.495 27.112 194.738 2.911 -2.305 2.473 180.579 0.159 0.281 0.068 1.980
1623540674.695 27.112 194.738 2.911 -2.305 2.473 180.579 0.159 0.281 0.068 1.981
1623540674.895 27.207 194.913 2.874 -1.052 1.861 179.749 0.138 0.281 0.056 1.989
1623540675.095 27.207 194.913 2.874 -1.052 1.861 179.749 0.138 0.281 0.056 1.996
1623540675.295 27.246 194.997 2.857 -0.385 1.334 178.545 0.113 0.273 0.058 2.024
1623540675.495 27.277 195.077 2.876 -0.053 0.984 178.652 0.091 0.254 0.058 2.030
1623540675.695 27.277 195.077 2.876 -0.053 0.984 178.652 0.091 0.254 0.058 2.030
1623540675.895 27.301 195.151 2.860 -0.069 0.741 178.980 0.070 0.234 0.053 2.036
1623540676.095 27.319 195.218 2.846 -0.287 0.600 179.103 0.046 0.205 0.041 2.043
1623540676.295 27.319 195.218 2.846 -0.287 0.600 179.103 0.046 0.205 0.041 2.047
1623540676.495 27.330 195.276 2.836 -0.755 0.609 179.377 0.027 0.180 0.021 2.057
1623540676.695 27.334 195.310 2.871 -1.291 0.727 179.159 0.010 0.143 -0.004 2.060
1623540676.895 27.335 195.343 2.874 -1.664 0.857 178.997 -0.000 0.170 -0.018 2.062
1623540677.095 27.334 195.373 2.878 -2.025 1.037 179.102 -0.003 0.114 -0.023 2.053
1623540677.295 27.334 195.373 2.878 -2.025 1.037 179.102 -0.003 0.114 -0.023 2.045
1623540677.495 27.333 195.406 2.885 -2.328 1.238 178.320 -0.008 0.099 -0.026 2.061
1623540677.695 27.333 195.406 2.885 -2.328 1.238 178.320 -0.008 0.099 -0.026 2.067
1623540677.895 27.329 195.460 2.881 -2.572 1.249 177.884 -0.009 0.099 -0.016 2.069
1623540678.095 27.328 195.458 2.888 -2.918 2.008 177.956 -0.009 0.067 -0.025 2.032
1623540678.295 27.325 195.477 2.895 -2.770 2.149 176.157 -0.010 0.059 -0.022 2.034
1623540678.495 27.325 195.477 2.895 -2.770 2.149 176.157 -0.010 0.059 -0.022 2.044
1623540678.695 27.323 195.494 2.902 -2.541 2.299 175.274 -0.005 0.052 -0.018 2.030
1623540678.895 27.322 195.507 2.906 -2.165 2.330 174.389 -0.008 0.069 -0.023 2.043
1623540679.095 27.321 195.525 2.912 -1.861 2.301 173.813 -0.001 0.052 -0.015 2.037
1623540679.295 27.321 195.539 2.911 -1.440 2.165 173.156 0.003 0.083 -0.027 2.023
1623540679.495 27.321 195.539 2.911 -1.440 2.165 173.156 0.003 0.083 -0.027 2.015
1623540679.695 27.321 195.561 2.919 -1.151 2.031 172.802 -0.003 0.060 -0.019 2.012
1623540679.895 27.320 195.581 2.925 -0.871 1.802 172.453 -0.003 0.071 -0.022 2.011
1623540680.095 27.320 195.581 2.925 -0.871 1.802 172.453 -0.003 0.071 -0.022 2.010
1623540680.295 27.319 195.604 2.932 -0.769 1.592 172.488 -0.003 0.082 -0.026 1.997
1623540680.496 27.319 195.631 2.936 -0.837 1.412 172.198 0.004 0.097 -0.029 2.001
1623540680.695 27.319 195.631 2.936 -0.837 1.412 172.198 0.004 0.097 -0.029 2.007
1623540680.895 27.319 195.631 2.936 -0.837 1.412 172.198 0.004 0.097 -0.029 2.009
1623540681.096 27.319 195.631 2.936 -0.837 1.412 172.198 0.004 0.097 -0.029 2.010
1623540681.295 27.326 195.703 2.953 -1.488 1.360 172.053 0.016 0.132 -0.023 1.985
1623540681.495 27.333 195.745 2.958 -1.668 1.330 171.200 0.025 0.145 -0.014 1.980
1623540681.695 27.339 195.783 2.938 -1.632 1.287 170.796 0.024 0.145 -0.011 1.982
1623540681.895 27.342 195.791 2.939 -1.946 1.419 170.396 0.034 0.156 -0.003 1.982
1623540682.095 27.353 195.840 2.939 -2.138 1.559 169.673 0.041 0.165 0.001 1.976
1623540682.295 27.353 195.840 2.939 -2.138 1.559 169.673 0.041 0.165 0.001 1.969
1623540682.495 27.368 195.891 2.939 -2.179 1.728 168.655 0.050 0.173 -0.002 1.971
1623540682.696 27.385 195.944 2.941 -2.030 1.819 167.600 0.057 0.176 -0.009 1.969
1623540682.895 27.385 195.944 2.941 -2.030 1.819 167.600 0.057 0.176 -0.009 1.966
1623540683.096 27.405 196.001 2.934 -1.790 1.910 166.277 0.064 0.182 -0.016 1.959
1623540683.296 27.425 196.054 2.939 -1.472 1.930 165.320 0.070 0.185 -0.016 1.960
1623540683.496 27.425 196.054 2.939 -1.472 1.930 165.320 0.070 0.185 -0.016 1.963
1623540683.695 27.446 196.110 2.943 -1.221 1.960 164.453 0.071 0.184 -0.012 1.945
1623540683.895 27.469 196.164 2.945 -1.130 1.950 163.920 0.073 0.175 -0.000 1.947
1623540684.095 27.469 196.164 2.945 -1.130 1.950 163.920 0.073 0.175 -0.000 1.952
1623540684.295 27.497 196.231 2.947 -1.042 1.976 162.980 0.071 0.176 -0.001 1.954
1623540684.495 27.511 196.266 2.941 -1.557 1.900 162.588 0.059 0.151 0.031 1.951
1623540684.695 27.511 196.266 2.941 -1.557 1.900 162.588 0.059 0.151 0.031 1.947
1623540684.895 27.526 196.308 2.929 -1.738 1.731 160.788 0.039 0.127 0.045 1.965
1623540685.095 27.534 196.342 2.914 -2.007 1.611 159.310 0.011 0.095 0.056 1.966
1623540685.295 27.534 196.342 2.914 -2.007 1.611 159.310 0.011 0.095 0.056 1.964
1623540685.495 27.533 196.365 2.896 -2.188 1.481 157.761 -0.019 0.058 0.059 1.980
1623540685.695 27.531 196.372 2.970 -2.205 1.455 157.363 -0.019 0.058 0.056 1.986
1623540685.895 27.522 196.377 2.959 -2.141 1.341 156.331 -0.053 0.016 0.054 1.989
1623540686.095 27.501 196.377 2.945 -1.743 1.201 154.842 -0.085 -0.021 0.037 1.990
1623540686.295 27.501 196.377 2.945 -1.743 1.201 154.842 -0.085 -0.021 0.037 1.990
1623540686.495 27.472 196.365 2.938 -1.105 1.100 153.198 -0.107 -0.055 0.012 1.990
1623540686.695 27.436 196.347 2.938 -0.385 1.040 152.265 -0.128 -0.071 -0.018 1.990
1623540686.895 27.413 196.334 3.006 -0.300 1.002 151.576 -0.127 -0.072 -0.024 1.990
1623540687.095 27.396 196.325 3.012 0.194 1.098 152.068 -0.133 -0.075 -0.046 1.990
1623540687.295 27.357 196.303 3.029 0.380 1.249 152.032 -0.124 -0.068 -0.062 1.990
1623540687.495 27.357 196.303 3.029 0.380 1.249 152.032 -0.124 -0.068 -0.062 1.990
1623540687.695 27.357 196.303 3.029 0.380 1.249 152.032 -0.124 -0.068 -0.062 1.990
1623540687.895 27.296 196.279 3.064 -0.817 1.799 152.706 -0.069 -0.009 -0.050 1.990
1623540688.095 27.281 196.277 2.981 -0.724 1.826 152.205 -0.069 -0.010 -0.042 1.990
1623540688.295 27.282 196.281 2.985 -1.608 1.899 152.020 -0.027 0.027 -0.036 1.977
1623540688.495 27.281 196.297 2.993 -2.621 2.039 151.355 0.025 0.076 -0.020 1.971
1623540688.695 27.290 196.315 2.996 -3.554 2.129 150.062 0.052 0.091 -0.003 1.970
1623540688.895 27.308 196.340 2.994 -4.042 2.150 148.871 0.116 0.155 0.016 1.961
1623540689.095 27.308 196.340 2.994 -4.042 2.150 148.871 0.116 0.155 0.016 1.951
1623540689.295 27.344 196.392 2.987 -4.327 2.140 147.668 0.118 0.186 0.030 1.966
1623540689.495 27.362 196.420 2.877 -4.476 2.156 147.158 0.116 0.187 0.038 1.972
1623540689.695 27.362 196.420 2.877 -4.476 2.156 147.158 0.116 0.187 0.038 1.974
1623540689.895 27.362 196.420 2.877 -4.476 2.156 147.158 0.116 0.187 0.038 1.975
1623540690.095 27.453 196.556 2.847 -4.378 2.060 145.233 0.142 0.218 0.051 1.963
1623540690.295 27.453 196.556 2.847 -4.378 2.060 145.233 0.142 0.218 0.051 1.952
1623540690.495 27.500 196.628 2.827 -1.896 1.543 139.348 0.110 0.215 0.073 1.977
1623540690.695 27.530 196.689 2.830 -0.543 1.292 137.971 0.084 0.187 0.065 1.986
1623540690.895 27.530 196.689 2.830 -0.543 1.292 137.971 0.084 0.187 0.065 1.989
1623540691.095 27.551 196.741 2.813 0.623 1.072 136.581 0.050 0.152 0.051 2.003
1623540691.295 27.551 196.741 2.813 0.623 1.072 136.581 0.050 0.152 0.051 2.002
1623540691.495 27.551 196.741 2.813 0.623 1.072 136.581 0.050 0.152 0.051 2.002
1623540691.695 27.564 196.815 2.797 1.459 0.920 135.298 -0.009 0.086 0.000 2.002
1623540691.895 27.559 196.839 2.852 1.129 0.880 134.871 -0.028 0.066 -0.029 2.002
1623540692.095 27.559 196.839 2.852 1.129 0.880 134.871 -0.028 0.066 -0.029 2.006
1623540692.295 27.550 196.856 2.864 0.050 1.058 134.792 -0.033 0.052 -0.049 2.009
1623540692.495 27.542 196.873 2.880 -1.467 1.298 134.424 -0.020 0.057 -0.055 2.004
1623540692.695 27.542 196.873 2.880 -1.467 1.298 134.424 -0.020 0.057 -0.055 2.001
1623540692.895 27.539 196.893 2.895 -3.097 1.528 133.700 -0.002 0.069 -0.049 1.993
1623540693.095 27.539 196.893 2.895 -3.097 1.528 133.700 -0.002 0.069 -0.049 1.985
1623540693.295 27.543 196.923 2.850 -4.549 1.696 131.983 0.020 0.092 -0.035 2.011
1623540693.495 27.552 196.940 2.855 -5.206 1.797 130.195 0.073 0.130 -0.025 1.976
1623540693.695 27.571 196.979 2.861 -5.320 1.879 129.097 0.047 0.127 -0.017 1.973
1623540693.895 27.584 197.008 2.864 -4.860 1.899 127.109 0.074 0.150 -0.006 1.980
1623540694.095 27.584 197.008 2.864 -4.860 1.899 127.109 0.074 0.150 -0.006 1.981
1623540694.295 27.604 197.052 2.865 -4.136 1.870 125.774 0.056 0.140 -0.004 1.982
1623540694.495 27.621 197.096 2.886 -4.394 1.867 124.241 0.052 0.142 -0.009 1.982
1623540694.695 27.621 197.096 2.886 -4.394 1.867 124.241 0.052 0.142 -0.009 1.982
1623540694.895 27.629 197.129 2.888 -1.300 1.740 122.099 0.021 0.106 -0.004 1.957
1623540695.095 27.631 197.156 2.890 0.189 1.512 121.716 -0.004 0.071 -0.009 1.946
1623540695.295 27.631 197.156 2.890 0.189 1.512 121.716 -0.004 0.071 -0.009 1.941
1623540695.495 27.627 197.171 2.894 1.094 1.421 121.151 -0.023 0.031 -0.015 1.950
1623540695.695 27.618 197.175 2.899 1.350 1.321 120.759 -0.039 -0.006 -0.018 1.950
1623540695.895 27.616 197.175 2.989 1.395 1.329 120.579 -0.039 -0.006 -0.019 1.948
1623540696.095 27.604 197.169 2.994 1.016 1.241 120.229 -0.053 -0.038 -0.020 1.953
1623540696.295 27.587 197.154 2.999 0.118 1.161 119.498 -0.053 -0.056 -0.014 1.950
1623540696.495 27.587 197.154 2.999 0.118 1.161 119.498 -0.053 -0.056 -0.014 1.947
1623540696.695 27.571 197.136 3.002 -1.090 1.091 118.963 -0.055 -0.063 -0.005 1.952
1623540696.895 27.561 197.129 3.007 -2.241 1.050 116.850 -0.010 0.013 -0.027 1.958
1623540697.095 27.560 197.130 3.028 -2.291 1.031 116.473 -0.010 0.013 -0.027 1.962
1623540697.295 27.552 197.123 3.030 -3.011 1.030 115.786 -0.045 -0.050 -0.002 1.969
1623540697.495 27.552 197.123 3.030 -3.011 1.030 115.786 -0.045 -0.050 -0.002 1.971
1623540697.695 27.540 197.110 3.032 -3.269 1.129 114.564 -0.039 -0.035 -0.009 1.923
1623540697.895 27.540 197.110 3.032 -3.269 1.129 114.564 -0.039 -0.035 -0.009 1.901
1623540698.095 27.540 197.110 3.032 -3.269 1.129 114.564 -0.039 -0.035 -0.009 1.893
1623540698.295 27.521 197.105 3.025 -2.554 1.548 112.151 -0.013 0.013 -0.036 1.890
1623540698.495 27.522 197.112 3.032 -1.584 1.619 112.145 0.006 0.044 -0.047 1.889
1623540698.695 27.522 197.112 3.032 -1.584 1.619 112.145 0.006 0.044 -0.047 1.889
1623540698.895 27.527 197.129 3.047 -0.964 1.759 111.029 0.026 0.070 -0.047 1.845
1623540699.095 27.539 197.155 3.060 -0.602 1.810 109.908 0.048 0.100 -0.036 1.824
1623540699.295 27.539 197.155 3.060 -0.602 1.810 109.908 0.048 0.100 -0.036 1.822
1623540699.495 27.557 197.189 3.068 -0.629 1.810 108.722 0.066 0.126 -0.017 1.805
1623540699.695 27.579 197.231 2.975 -0.944 1.732 107.766 0.081 0.154 0.005 1.805
1623540699.895 27.579 197.231 2.975 -0.944 1.732 107.766 0.081 0.154 0.005 1.808
1623540700.095 27.605 197.281 2.970 -1.406 1.651 106.867 0.090 0.172 0.026 1.800
1623540700.295 27.635 197.335 2.960 -1.836 1.571 106.046 0.101 0.186 0.038 1.803
1623540700.495 27.635 197.335 2.960 -1.836 1.571 106.046 0.101 0.186 0.038 1.807
1623540700.695 27.668 197.393 2.947 -2.167 1.481 105.064 0.111 0.198 0.046 1.811
1623540700.895 27.704 197.453 2.873 -2.289 1.391 104.233 0.123 0.200 0.052 1.819
1623540701.095 27.704 197.453 2.873 -2.289 1.391 104.233 0.123 0.200 0.052 1.826
1623540701.295 27.704 197.453 2.873 -2.289 1.391 104.233 0.123 0.200 0.052 1.810
1623540701.495 27.783 197.575 2.842 -2.070 1.280 101.030 0.119 0.194 0.046 1.786
1623540701.695 27.783 197.575 2.842 -2.070 1.280 101.030 0.119 0.194 0.046 1.778
1623540701.895 27.819 197.633 2.829 -1.544 1.180 100.349 0.115 0.184 0.038 1.774
1623540702.095 27.819 197.633 2.829 -1.544 1.180 100.349 0.115 0.184 0.038 1.773
1623540702.295 27.853 197.686 2.827 -1.133 1.209 99.290 0.106 0.166 0.026 1.773
1623540702.495 27.883 197.733 2.821 -0.852 1.279 97.802 0.088 0.143 0.014 1.773
1623540702.695 27.883 197.733 2.821 -0.852 1.279 97.802 0.088 0.143 0.014 1.773
1623540702.895 27.908 197.772 2.818 -0.631 1.369 96.496 0.071 0.121 0.008 1.773
1623540703.095 27.927 197.804 2.816 -0.570 1.549 95.770 0.056 0.089 0.003 1.791
1623540703.295 27.927 197.804 2.816 -0.570 1.549 95.770 0.056 0.089 0.003 1.798
1623540703.495 27.944 197.828 2.854 -0.729 1.634 94.594 0.038 0.052 0.003 1.801
1623540703.695 27.951 197.836 2.853 -1.135 1.670 93.796 0.022 0.016 0.009 1.802
1623540703.895 27.951 197.836 2.853 -1.135 1.670 93.796 0.022 0.016 0.009 1.802
1623540704.095 27.954 197.835 2.848 -1.774 1.630 92.222 -0.002 -0.019 0.020 1.802
1623540704.295 27.949 197.825 2.841 -2.534 1.561 90.692 -0.030 -0.047 0.028 1.802
1623540704.495 27.949 197.825 2.841 -2.534 1.561 90.692 -0.030 -0.047 0.028 1.802
1623540704.695 27.936 197.805 2.927 -2.742 1.447 89.078 -0.030 -0.047 -0.010 1.802
1623540704.895 27.913 197.784 2.926 -3.377 1.649 87.524 -0.082 -0.088 0.015 1.843
1623540705.095 27.913 197.784 2.926 -3.377 1.649 87.524 -0.082 -0.088 0.015 1.858
1623540705.295 27.884 197.755 2.925 -2.834 1.660 87.756 -0.104 -0.097 -0.004 1.863
1623540705.495 27.851 197.725 2.928 -1.947 1.779 87.339 -0.113 -0.106 -0.023 1.865
1623540705.695 27.851 197.725 2.928 -1.947 1.779 87.339 -0.113 -0.106 -0.023 1.866
1623540705.895 27.817 197.693 2.938 -0.957 1.959 86.914 -0.109 -0.105 -0.041 1.866
1623540706.095 27.787 197.661 3.009 -0.169 2.089 86.315 -0.090 -0.103 -0.054 1.864
1623540706.295 27.787 197.661 3.009 -0.169 2.089 86.315 -0.090 -0.103 -0.054 1.861
1623540706.495 27.764 197.632 3.026 0.189 2.130 85.634 -0.064 -0.088 -0.057 1.861
1623540706.695 27.749 197.608 3.042 0.043 2.041 84.398 -0.028 -0.072 -0.049 1.852
1623540706.895 27.749 197.608 3.042 0.043 2.041 84.398 -0.028 -0.072 -0.049 1.845
1623540707.095 27.746 197.590 3.056 -0.514 1.822 83.461 0.005 -0.044 -0.038 1.848
1623540707.295 27.752 197.582 3.013 -1.348 1.504 82.074 0.040 -0.013 -0.025 1.837
1623540707.495 27.752 197.582 3.013 -1.348 1.504 82.074 0.040 -0.013 -0.025 1.826
1623540707.695 27.768 197.584 3.019 -2.134 1.123 80.476 0.064 0.031 -0.011 1.829
1623540707.895 27.768 197.584 3.019 -2.134 1.123 80.476 0.064 0.031 -0.011 1.830
1623540708.095 27.768 197.584 3.019 -2.134 1.123 80.476 0.064 0.031 -0.011 1.830
1623540708.295 27.820 197.629 3.022 -3.258 0.680 76.755 0.093 0.120 -0.002 1.819
1623540708.495 27.844 197.660 2.939 -3.366 0.596 75.786 0.091 0.122 0.008 1.783
1623540708.695 27.850 197.672 2.939 -3.093 0.511 76.697 0.102 0.158 0.003 1.715
1623540708.895 27.881 197.724 2.937 -2.713 0.658 75.113 0.098 0.186 0.009 1.689
1623540709.095 27.881 197.724 2.937 -2.713 0.658 75.113 0.098 0.186 0.009 1.680
1623540709.295 27.911 197.782 2.934 -2.075 0.927 73.908 0.093 0.199 0.010 1.677
1623540709.495 27.939 197.843 2.931 -1.345 1.337 73.137 0.090 0.203 0.012 1.675
1623540709.695 27.939 197.843 2.931 -1.345 1.337 73.137 0.090 0.203 0.012 1.675
1623540709.895 27.968 197.906 2.889 -0.569 1.790 73.269 0.093 0.197 0.015 1.675
1623540710.095 27.996 197.961 2.885 0.007 2.227 72.713 0.096 0.182 0.019 1.675
1623540710.295 27.996 197.961 2.885 0.007 2.227 72.713 0.096 0.182 0.019 1.707
1623540710.495 28.025 198.013 2.879 0.289 2.548 71.769 0.095 0.165 0.023 1.738
1623540710.695 28.054 198.060 2.871 0.252 2.690 71.041 0.091 0.144 0.031 1.749
1623540710.895 28.054 198.060 2.871 0.252 2.690 71.041 0.091 0.144 0.031 1.753
1623540711.095 28.087 198.110 2.863 -0.088 2.690 69.886 0.083 0.125 0.038 1.755
1623540711.295 28.087 198.110 2.863 -0.088 2.690 69.886 0.083 0.125 0.038 1.755
1623540711.495 28.087 198.110 2.863 -0.088 2.690 69.886 0.083 0.125 0.038 1.756
1623540711.695 28.128 198.168 2.841 -1.585 2.192 67.716 0.063 0.091 0.036 1.756
1623540711.896 28.145 198.193 2.831 -1.976 1.694 68.540 0.048 0.072 0.026 1.756
1623540712.095 28.145 198.193 2.831 -1.976 1.694 68.540 0.048 0.072 0.026 1.766
1623540712.295 28.168 198.217 2.822 -2.357 1.323 68.130 0.103 0.088 0.034 1.776
1623540712.495 28.179 198.227 2.876 -2.376 1.302 67.899 0.102 0.088 0.033 1.780
1623540712.695 28.175 198.233 2.877 -2.558 1.033 67.973 -0.055 0.016 -0.031 1.782
1623540712.895 28.169 198.242 2.885 -2.699 0.871 67.621 0.014 0.044 -0.017 1.782
1623540713.095 28.169 198.242 2.885 -2.699 0.871 67.621 0.014 0.044 -0.017 1.782
1623540713.295 28.172 198.255 2.891 -2.661 0.839 67.435 0.008 0.041 -0.024 1.782
1623540713.495 28.174 198.267 2.899 -2.531 0.899 67.140 0.005 0.039 -0.026 1.782
1623540713.695 28.175 198.274 2.925 -2.559 0.853 66.888 0.005 0.039 -0.028 1.782
1623540713.895 28.176 198.278 2.929 -2.274 0.998 66.701 0.007 0.031 -0.030 1.779
1623540714.095 28.178 198.286 2.938 -1.853 1.178 65.986 0.005 0.023 -0.027 1.775
1623540714.295 28.178 198.286 2.938 -1.853 1.178 65.986 0.005 0.023 -0.027 1.774
1623540714.495 28.179 198.290 2.946 -1.393 1.388 65.358 0.004 0.005 -0.026 1.773
1623540714.695 28.179 198.290 2.946 -1.393 1.388 65.358 0.004 0.005 -0.026 1.773
1623540714.895 28.181 198.293 2.965 -1.249 1.397 64.500 0.004 0.005 -0.029 1.773
1623540715.095 28.181 198.293 2.965 -1.249 1.397 64.500 0.004 0.005 -0.029 1.773
1623540715.295 28.181 198.293 2.965 -1.249 1.397 64.500 0.004 0.005 -0.029 1.773
1623540715.495 28.181 198.293 2.965 -1.249 1.397 64.500 0.004 0.005 -0.029 1.773
1623540715.695 28.177 198.278 2.985 -0.750 1.989 62.824 -0.006 -0.025 -0.027 1.768
1623540715.895 28.174 198.270 2.991 -0.679 2.328 61.604 -0.010 -0.029 -0.012 1.762
1623540716.095 28.174 198.270 2.991 -0.679 2.328 61.604 -0.010 -0.029 -0.012 1.760
1623540716.295 28.172 198.264 2.982 -1.016 2.301 60.869 -0.006 -0.013 -0.005 1.760
1623540716.495 28.170 198.262 2.983 -1.366 2.152 60.721 -0.003 0.004 -0.001 1.759
1623540716.695 28.170 198.262 2.983 -1.366 2.152 60.721 -0.003 0.004 -0.001 1.759
1623540716.895 28.170 198.267 2.983 -1.726 1.912 60.314 0.001 0.029 0.001 1.759
1623540717.095 28.171 198.280 2.983 -1.987 1.682 59.976 0.007 0.055 -0.001 1.759
1623540717.295 28.171 198.280 2.983 -1.987 1.682 59.976 0.007 0.055 -0.001 1.759
1623540717.495 28.177 198.307 2.957 -2.111 1.413 59.877 0.021 0.088 -0.005 1.717
1623540717.695 28.184 198.333 2.958 -2.011 1.202 59.546 0.036 0.118 -0.008 1.676
1623540717.895 28.184 198.333 2.958 -2.011 1.202 59.546 0.036 0.118 -0.008 1.661
1623540718.095 28.198 198.374 2.961 -1.821 1.031 59.631 0.056 0.147 -0.014 1.655
1623540718.295 28.218 198.421 2.966 -1.592 0.940 59.324 0.076 0.167 -0.017 1.653
1623540718.495 28.218 198.421 2.966 -1.592 0.940 59.324 0.076 0.167 -0.017 1.652
1623540718.695 28.251 198.492 2.917 -1.575 0.879 58.787 0.075 0.167 0.005 1.652
1623540718.895 28.282 198.537 2.922 -1.261 1.209 57.034 0.124 0.209 -0.020 1.652
1623540719.095 28.282 198.537 2.922 -1.261 1.209 57.034 0.124 0.209 -0.020 1.652
1623540719.295 28.324 198.601 2.928 -0.982 1.239 57.595 0.155 0.213 -0.014 1.657
1623540719.495 28.373 198.666 2.930 -0.940 1.369 56.742 0.166 0.216 -0.001 1.663
1623540719.695 28.373 198.666 2.930 -0.940 1.369 56.742 0.166 0.216 -0.001 1.665
1623540719.895 28.426 198.731 2.928 -0.880 1.509 55.656 0.173 0.212 0.017 1.665
1623540720.095 28.454 198.765 2.889 -0.850 1.517 55.368 0.172 0.213 0.020 1.666
1623540720.295 28.478 198.793 2.885 -0.938 1.599 54.526 0.171 0.202 0.030 1.666
1623540720.495 28.529 198.852 2.875 -1.078 1.680 53.611 0.161 0.186 0.039 1.666
1623540720.695 28.529 198.852 2.875 -1.078 1.680 53.611 0.161 0.186 0.039 1.666
1623540720.895 28.575 198.905 2.863 -1.308 1.740 52.551 0.137 0.164 0.039 1.666
1623540721.095 28.612 198.951 2.851 -1.607 1.760 50.938 0.106 0.142 0.036 1.666
1623540721.295 28.636 198.983 2.890 -1.639 1.756 50.308 0.104 0.144 0.029 1.656
1623540721.495 28.640 198.990 2.888 -1.866 1.829 50.405 0.076 0.114 0.031 1.652
1623540721.695 28.659 199.020 2.879 -1.989 1.870 50.237 0.045 0.082 0.028 1.651
1623540721.895 28.659 199.020 2.879 -1.989 1.870 50.237 0.045 0.082 0.028 1.650
1623540722.095 28.659 199.020 2.879 -1.989 1.870 50.237 0.045 0.082 0.028 1.650
1623540722.295 28.670 199.053 2.862 -1.919 1.990 49.907 -0.008 0.025 0.027 1.650
1623540722.495 28.670 199.053 2.862 -1.919 1.990 49.907 -0.008 0.025 0.027 1.650
1623540722.695 28.665 199.056 2.937 -1.504 1.842 50.913 -0.029 -0.003 0.026 1.650
1623540722.895 28.653 199.051 2.930 -1.251 1.781 50.741 -0.049 -0.031 0.023 1.650
1623540723.095 28.653 199.051 2.930 -1.251 1.781 50.741 -0.049 -0.031 0.023 1.719
1623540723.295 28.635 199.039 2.923 -1.100 1.740 50.274 -0.066 -0.051 0.018 1.744
1623540723.495 28.613 199.022 2.920 -1.040 1.710 49.998 -0.076 -0.062 0.007 1.754
1623540723.695 28.613 199.022 2.920 -1.040 1.710 49.998 -0.076 -0.062 0.007 1.757
1623540723.895 28.589 199.001 2.994 -1.117 1.719 49.440 -0.074 -0.064 -0.010 1.758
1623540724.095 28.569 198.984 2.998 -1.288 1.720 49.383 -0.066 -0.056 -0.024 1.759
1623540724.295 28.569 198.984 2.998 -1.288 1.720 49.383 -0.066 -0.056 -0.024 1.759
1623540724.495 28.551 198.970 3.006 -1.508 1.651 48.824 -0.054 -0.040 -0.026 1.759
1623540724.695 28.537 198.961 3.014 -1.688 1.571 48.470 -0.040 -0.019 -0.028 1.759
1623540724.895 28.537 198.961 3.014 -1.688 1.571 48.470 -0.040 -0.019 -0.028 1.743
1623540725.095 28.525 198.959 2.999 -1.788 1.434 47.842 -0.025 0.006 -0.028 1.737
1623540725.295 28.525 198.959 2.999 -1.788 1.434 47.842 -0.025 0.006 -0.028 1.735
1623540725.495 28.525 198.959 2.999 -1.788 1.434 47.842 -0.025 0.006 -0.028 1.734
1623540725.695 28.524 198.979 3.014 -1.959 1.470 46.305 0.014 0.058 -0.028 1.734
1623540725.895 28.524 198.979 3.014 -1.959 1.470 46.305 0.014 0.058 -0.028 1.734
1623540726.095 28.532 199.000 3.023 -1.722 1.341 47.134 0.040 0.083 -0.026 1.734
1623540726.295 28.547 199.029 3.029 -1.551 1.310 46.568 0.059 0.108 -0.016 1.734
1623540726.495 28.554 199.042 2.956 -1.547 1.302 46.445 0.059 0.108 -0.014 1.734
1623540726.695 28.568 199.064 2.957 -1.372 1.310 45.905 0.078 0.125 -0.002 1.627
1623540726.895 28.593 199.104 2.956 -1.141 1.290 45.143 0.086 0.136 0.012 1.587
1623540727.095 28.593 199.104 2.956 -1.141 1.290 45.143 0.086 0.136 0.012 1.573
1623540727.295 28.621 199.146 2.951 -1.080 1.310 44.356 0.093 0.140 0.019 1.568
1623540727.495 28.649 199.188 2.944 -1.079 1.409 43.464 0.094 0.138 0.027 1.566
1623540727.695 28.666 199.212 2.898 -1.049 1.413 43.152 0.093 0.138 0.031 1.565
1623540727.895 28.678 199.229 2.895 -1.148 1.558 42.442 0.090 0.133 0.031 1.565
1623540728.095 28.705 199.268 2.885 -1.278 1.699 41.677 0.086 0.127 0.033 1.565
1623540728.295 28.705 199.268 2.885 -1.278 1.699 41.677 0.086 0.127 0.033 1.565
1623540728.495 28.731 199.306 2.876 -1.448 1.839 40.908 0.083 0.124 0.027 1.654
1623540728.695 28.731 199.306 2.876 -1.448 1.839 40.908 0.083 0.124 0.027 1.687
1623540728.895 28.775 199.374 2.861 -1.465 1.906 39.715 0.080 0.126 0.028 1.700
1623540729.095 28.779 199.383 2.860 -1.908 2.020 38.126 0.066 0.122 0.011 1.704
1623540729.295 28.798 199.419 2.858 -1.860 1.852 38.826 0.062 0.119 0.004 1.706
1623540729.495 28.798 199.419 2.858 -1.860 1.852 38.826 0.062 0.119 0.004 1.706
1623540729.695 28.816 199.455 2.857 -1.919 1.731 38.616 0.053 0.115 0.001 1.706
1623540729.895 28.831 199.489 2.856 -1.860 1.621 38.183 0.049 0.110 0.003 1.707
1623540730.095 28.831 199.489 2.856 -1.860 1.621 38.183 0.049 0.110 0.003 1.707
1623540730.295 28.846 199.522 2.866 -1.671 1.511 37.763 0.046 0.105 0.006 1.713
1623540730.495 28.846 199.522 2.866 -1.671 1.511 37.763 0.046 0.105 0.006 1.715
1623540730.695 28.860 199.552 2.865 -1.511 1.411 37.324 0.043 0.096 0.005 1.716
1623540730.895 28.873 199.579 2.864 -1.271 1.271 36.751 0.042 0.082 0.002 1.716
1623540731.095 28.873 199.579 2.864 -1.271 1.271 36.751 0.042 0.082 0.002 1.717
1623540731.295 28.884 199.602 2.864 -1.121 1.190 35.447 0.033 0.067 -0.002 1.717
1623540731.495 28.894 199.620 2.906 -1.043 1.145 34.376 0.024 0.044 -0.006 1.717
1623540731.695 28.894 199.620 2.906 -1.043 1.145 34.376 0.024 0.044 -0.006 1.717
1623540731.895 28.899 199.628 2.908 -1.029 1.209 33.527 0.011 0.020 -0.013 1.717
1623540732.095 28.899 199.628 2.908 -1.029 1.209 33.527 0.011 0.020 -0.013 1.719
1623540732.295 28.899 199.628 2.908 -1.029 1.209 33.527 0.011 0.020 -0.013 1.720
1623540732.495 28.897 199.629 2.921 -1.309 1.759 30.515 -0.013 -0.016 -0.028 1.720
1623540732.695 28.893 199.624 2.930 -1.349 1.939 30.980 -0.016 -0.020 -0.035 1.720
1623540732.895 28.892 199.623 2.941 -1.344 1.944 30.827 -0.015 -0.020 -0.035 1.721
1623540733.095 28.888 199.619 2.949 -1.546 2.148 30.226 -0.015 -0.015 -0.035 1.721
1623540733.295 28.885 199.616 2.960 -1.718 2.250 29.804 -0.008 -0.004 -0.030 1.721
1623540733.495 28.885 199.616 2.960 -1.718 2.250 29.804 -0.008 -0.004 -0.030 1.721
1623540733.695 28.884 199.617 2.968 -1.759 2.151 29.256 0.001 0.011 -0.023 1.721
1623540733.895 28.886 199.622 2.973 -1.640 1.932 29.062 0.011 0.022 -0.014 1.686
1623540734.095 28.887 199.625 2.962 -1.647 1.939 28.821 0.010 0.022 -0.014 1.652
1623540734.295 28.890 199.630 2.964 -1.472 1.674 28.643 0.016 0.034 -0.010 1.640
1623540734.495 28.896 199.642 2.966 -1.251 1.372 28.039 0.024 0.045 -0.009 1.635
1623540734.695 28.896 199.642 2.966 -1.251 1.372 28.039 0.024 0.045 -0.009 1.633
1623540734.895 28.905 199.657 2.970 -1.071 1.112 27.062 0.033 0.056 -0.013 1.633
1623540735.095 28.916 199.677 2.974 -1.000 0.990 26.171 0.039 0.070 -0.019 1.633
1623540735.295 28.924 199.690 2.967 -0.962 0.942 25.778 0.039 0.070 -0.017 1.633
1623540735.495 28.924 199.690 2.967 -0.962 0.942 25.778 0.039 0.070 -0.017 1.632
1623540735.695 28.924 199.690 2.967 -0.962 0.942 25.778 0.039 0.070 -0.017 1.634
1623540735.895 28.945 199.733 2.977 -1.318 1.139 22.714 0.049 0.110 -0.024 1.635
1623540736.095 28.962 199.769 2.983 -1.379 1.169 23.279 0.059 0.131 -0.020 1.635
1623540736.295 28.962 199.769 2.983 -1.379 1.169 23.279 0.059 0.131 -0.020 1.636
1623540736.495 28.981 199.811 2.989 -1.618 1.309 22.956 0.067 0.146 -0.013 1.636
1623540736.695 29.002 199.857 2.951 -1.778 1.428 22.004 0.074 0.155 -0.004 1.636
1623540736.895 29.002 199.857 2.951 -1.778 1.428 22.004 0.074 0.155 -0.004 1.636
1623540737.095 29.026 199.904 2.951 -1.809 1.549 21.669 0.080 0.156 0.004 1.636
1623540737.295 29.051 199.951 2.949 -1.700 1.659 21.391 0.081 0.154 0.012 1.636
1623540737.495 29.051 199.951 2.949 -1.700 1.659 21.391 0.081 0.154 0.012 1.642
1623540737.695 29.075 199.997 2.944 -1.491 1.769 20.669 0.077 0.144 0.016 1.649
1623540737.895 29.099 200.039 2.937 -1.242 1.859 19.848 0.075 0.135 0.019 1.651
1623540738.095 29.099 200.039 2.937 -1.242 1.859 19.848 0.075 0.135 0.019 1.652
1623540738.295 29.121 200.078 2.931 -1.110 1.920 19.082 0.070 0.122 0.021 1.652
1623540738.495 29.142 200.113 2.925 -1.149 1.900 17.879 0.066 0.109 0.021 1.653
1623540738.695 29.142 200.113 2.925 -1.149 1.900 17.879 0.066 0.109 0.021 1.653
1623540738.895 29.142 200.113 2.925 -1.149 1.900 17.879 0.066 0.109 0.021 1.653
1623540739.095 29.181 200.174 2.911 -1.568 1.840 15.217 0.053 0.086 0.024 1.653
1623540739.295 29.182 200.175 2.943 -1.568 1.841 15.181 0.053 0.086 0.024 1.680
1623540739.495 29.196 200.198 2.935 -1.540 1.572 15.349 0.046 0.071 0.026 1.706
1623540739.695 29.208 200.218 2.927 -1.549 1.401 14.294 0.030 0.058 0.031 1.715
1623540739.895 29.208 200.218 2.927 -1.549 1.401 14.294 0.030 0.058 0.031 1.719
1623540740.095 29.214 200.232 2.917 -1.450 1.231 13.207 0.010 0.038 0.030 1.720
1623540740.295 29.214 200.232 2.917 -1.450 1.231 13.207 0.010 0.038 0.030 1.721
1623540740.495 29.213 200.242 2.970 -1.374 1.156 12.064 -0.012 0.018 0.021 1.721
1623540740.695 29.213 200.242 2.970 -1.374 1.156 12.064 -0.012 0.018 0.021 1.721
1623540740.895 29.213 200.242 2.970 -1.374 1.156 12.064 -0.012 0.018 0.021 1.721
1623540741.095 29.213 200.242 2.970 -1.374 1.156 12.064 -0.012 0.018 0.021 1.730
1623540741.295 29.180 200.241 2.965 -1.699 1.500 9.427 -0.064 -0.020 -0.006 1.738
1623540741.495 29.159 200.235 2.967 -1.818 1.659 9.076 -0.075 -0.023 -0.009 1.741
1623540741.695 29.147 200.231 2.986 -1.825 1.653 8.676 -0.075 -0.024 -0.010 1.743
1623540741.895 29.135 200.228 2.988 -1.878 1.808 8.558 -0.080 -0.022 -0.009 1.743
1623540742.095 29.135 200.228 2.988 -1.878 1.808 8.558 -0.080 -0.022 -0.009 1.743
1623540742.295 29.111 200.223 2.990 -1.820 1.919 8.365 -0.078 -0.014 -0.006 1.743
1623540742.495 29.111 200.223 2.990 -1.820 1.919 8.365 -0.078 -0.014 -0.006 1.743
1623540742.695 29.111 200.223 2.990 -1.820 1.919 8.365 -0.078 -0.014 -0.006 1.743
1623540742.895 29.069 200.221 2.994 -1.709 2.020 6.717 -0.056 0.007 -0.006 1.752
1623540743.095 29.055 200.226 2.973 -1.433 1.823 7.526 -0.039 0.023 -0.006 1.760
1623540743.295 29.055 200.226 2.973 -1.433 1.823 7.526 -0.039 0.023 -0.006 1.750
1623540743.495 29.046 200.235 2.974 -1.221 1.671 6.971 -0.018 0.037 -0.002 1.764
1623540743.695 29.045 200.248 2.975 -0.971 1.501 6.322 0.007 0.051 -0.001 1.763
1623540743.895 29.045 200.248 2.975 -0.971 1.501 6.322 0.007 0.051 -0.001 1.753
1623540744.095 29.050 200.266 2.974 -0.771 1.311 5.494 0.026 0.066 0.001 1.759
1623540744.295 29.060 200.287 2.947 -0.700 1.161 4.166 0.040 0.071 -0.001 1.755
1623540744.495 29.060 200.287 2.947 -0.700 1.161 4.166 0.040 0.071 -0.001 1.750
1623540744.695 29.075 200.309 2.947 -0.818 1.100 2.963 0.054 0.080 -0.001 1.765
1623540744.895 29.093 200.335 2.947 -1.127 1.119 1.640 0.060 0.088 -0.001 1.733
1623540745.095 29.093 200.335 2.947 -1.127 1.119 1.640 0.060 0.088 -0.001 1.721
1623540745.295 29.112 200.362 2.948 -1.497 1.189 0.560 0.064 0.092 -0.001 1.717
1623540745.495 29.133 200.393 2.905 -1.740 1.297 359.833 0.067 0.096 -0.003 1.715
1623540745.695 29.133 200.393 2.905 -1.740 1.297 359.833 0.067 0.096 -0.003 1.715
1623540745.895 29.133 200.393 2.905 -1.740 1.297 359.833 0.067 0.096 -0.003 1.714
1623540746.095 29.173 200.452 2.909 -1.959 1.639 357.905 0.061 0.102 -0.009 1.714
1623540746.295 29.173 200.452 2.909 -1.959 1.639 357.905 0.061 0.102 -0.009 1.714
1623540746.495 29.191 200.482 2.912 -1.721 1.630 358.269 0.059 0.095 -0.013 1.714
1623540746.695 29.208 200.510 2.916 -1.660 1.739 357.829 0.054 0.088 -0.014 1.718
1623540746.895 29.212 200.515 2.879 -1.661 1.741 357.707 0.054 0.088 -0.014 1.719
1623540747.095 29.225 200.537 2.883 -1.590 1.869 357.289 0.054 0.088 -0.015 1.719
1623540747.295 29.225 200.537 2.883 -1.590 1.869 357.289 0.054 0.088 -0.015 1.720
1623540747.495 29.242 200.564 2.888 -1.520 1.940 356.531 0.055 0.092 -0.017 1.720
1623540747.695 29.259 200.593 2.893 -1.509 1.891 355.798 0.061 0.098 -0.018 1.720
1623540747.895 29.259 200.593 2.893 -1.509 1.891 355.798 0.061 0.098 -0.018 1.720
1623540748.095 29.288 200.637 2.875 -1.505 1.808 354.900 0.069 0.107 -0.014 1.712
1623540748.295 29.301 200.658 2.877 -1.519 1.682 354.268 0.074 0.118 -0.011 1.712
1623540748.495 29.301 200.658 2.877 -1.519 1.682 354.268 0.074 0.118 -0.011 1.714
1623540748.695 29.325 200.696 2.879 -1.381 1.531 353.488 0.082 0.130 -0.007 1.710
1623540748.895 29.351 200.737 2.881 -1.221 1.341 352.665 0.087 0.140 -0.006 1.718
1623540749.095 29.351 200.737 2.881 -1.221 1.341 352.665 0.087 0.140 -0.006 1.723
1623540749.295 29.351 200.737 2.881 -1.221 1.341 352.665 0.087 0.140 -0.006 1.723
1623540749.495 29.409 200.829 2.898 -1.110 1.220 350.031 0.093 0.157 -0.005 1.719
1623540749.695 29.409 200.829 2.898 -1.110 1.220 350.031 0.093 0.157 -0.005 1.707
1623540749.895 29.438 200.876 2.900 -1.000 1.051 349.228 0.094 0.158 -0.011 1.712
1623540750.095 29.467 200.924 2.905 -1.198 1.060 348.278 0.094 0.157 -0.021 1.711
1623540750.295 29.467 200.924 2.905 -1.198 1.060 348.278 0.094 0.157 -0.021 1.690
1623540750.495 29.495 200.970 2.913 -1.458 1.159 347.266 0.086 0.148 -0.027 1.677
1623540750.695 29.521 201.014 2.941 -1.598 1.288 346.448 0.083 0.143 -0.023 1.673
1623540750.895 29.521 201.014 2.941 -1.598 1.288 346.448 0.083 0.143 -0.023 1.671
1623540751.095 29.544 201.056 2.947 -1.649 1.449 345.303 0.066 0.132 -0.011 1.670
1623540751.295 29.563 201.093 2.948 -1.531 1.539 344.846 0.058 0.115 0.003 1.670
1623540751.495 29.563 201.093 2.948 -1.531 1.539 344.846 0.058 0.115 0.003 1.670
1623540751.695 29.577 201.125 2.945 -1.311 1.649 343.906 0.035 0.094 0.016 1.670
1623540751.895 29.584 201.149 2.998 -1.151 1.739 342.524 0.010 0.066 0.022 1.670
1623540752.095 29.584 201.149 2.998 -1.151 1.739 342.524 0.010 0.066 0.022 1.688
1623540752.295 29.584 201.165 2.991 -1.189 1.790 340.993 -0.013 0.038 0.023 1.699
1623540752.495 29.584 201.165 2.991 -1.189 1.790 340.993 -0.013 0.038 0.023 1.703
1623540752.695 29.584 201.165 2.991 -1.189 1.790 340.993 -0.013 0.038 0.023 1.704
1623540752.895 29.562 201.173 2.981 -1.768 1.970 338.193 -0.056 -0.017 0.008 1.709
1623540753.095 29.562 201.173 2.981 -1.768 1.970 338.193 -0.056 -0.017 0.008 1.709
1623540753.296 29.541 201.164 3.042 -1.910 1.832 337.988 -0.073 -0.034 0.000 1.709
1623540753.496 29.519 201.153 3.043 -2.187 1.761 337.550 -0.085 -0.048 -0.007 1.709
1623540753.695 29.519 201.153 3.043 -2.187 1.761 337.550 -0.085 -0.048 -0.007 1.709
1623540753.895 29.492 201.137 3.045 -2.309 1.671 337.229 -0.090 -0.055 -0.008 1.723
1623540754.095 29.465 201.120 3.048 -2.300 1.561 336.872 -0.086 -0.057 -0.011 1.721
1623540754.295 29.465 201.120 3.048 -2.300 1.561 336.872 -0.086 -0.057 -0.011 1.719
1623540754.496 29.435 201.100 3.051 -2.169 1.423 336.360 -0.077 -0.051 -0.012 1.712
1623540754.695 29.420 201.090 3.054 -1.932 1.331 336.646 -0.061 -0.039 -0.013 1.705
1623540754.895 29.420 201.090 3.054 -1.932 1.331 336.646 -0.061 -0.039 -0.013 1.700
1623540755.096 29.404 201.081 3.058 -1.533 1.280 336.543 -0.042 -0.023 -0.010 1.681
1623540755.296 29.394 201.077 3.060 -1.053 1.290 336.141 -0.022 -0.003 -0.007 1.691
1623540755.496 29.394 201.077 3.060 -1.053 1.290 336.141 -0.022 -0.003 -0.007 1.705
1623540755.695 29.391 201.081 3.017 -0.522 1.297 335.467 0.000 0.014 0.003 1.695
1623540755.895 29.391 201.081 3.017 -0.522 1.297 335.467 0.000 0.014 0.003 1.679
1623540756.095 29.391 201.081 3.017 -0.522 1.297 335.467 0.000 0.014 0.003 1.654
1623540756.295 29.399 201.098 3.009 -0.459 1.539 332.493 0.023 0.048 0.025 1.645
1623540756.495 29.406 201.114 3.000 -0.618 1.510 331.654 0.026 0.056 0.037 1.641
1623540756.695 29.406 201.114 3.000 -0.618 1.510 331.654 0.026 0.056 0.037 1.640
1623540756.895 29.425 201.138 2.990 -1.135 1.579 330.595 0.097 0.103 0.028 1.639
1623540757.095 29.443 201.163 2.942 -1.711 1.669 329.373 0.015 0.064 0.060 1.639
1623540757.295 29.443 201.163 2.942 -1.711 1.669 329.373 0.015 0.064 0.060 1.639
1623540757.495 29.445 201.182 2.924 -2.236 1.749 328.513 0.001 0.062 0.060 1.667
1623540757.695 29.445 201.182 2.924 -2.236 1.749 328.513 0.001 0.062 0.060 1.693
1623540757.895 29.443 201.201 2.907 -2.607 1.770 327.951 -0.013 0.057 0.050 1.703
1623540758.095 29.437 201.217 2.895 -2.789 1.750 328.027 -0.026 0.054 0.033 1.707
1623540758.295 29.431 201.230 2.883 -2.913 1.753 327.466 -0.027 0.054 0.034 1.708
1623540758.495 29.428 201.234 2.881 -2.791 1.701 328.044 -0.035 0.057 0.016 1.709
1623540758.695 29.418 201.252 2.879 -2.482 1.621 328.238 -0.033 0.059 0.000 1.709
1623540758.895 29.418 201.252 2.879 -2.482 1.621 328.238 -0.033 0.059 0.000 1.709
1623540759.095 29.409 201.272 2.880 -2.004 1.521 327.905 -0.027 0.070 -0.010 1.709
1623540759.295 29.409 201.272 2.880 -2.004 1.521 327.905 -0.027 0.070 -0.010 1.742
1623540759.495 29.409 201.272 2.880 -2.004 1.521 327.905 -0.027 0.070 -0.010 1.774
1623540759.695 29.403 201.325 2.869 -1.082 1.460 327.075 0.008 0.099 -0.015 1.775
1623540759.895 29.409 201.356 2.874 -0.663 1.311 326.553 0.031 0.111 -0.018 1.775
1623540760.095 29.409 201.356 2.874 -0.663 1.311 326.553 0.031 0.111 -0.018 1.775
1623540760.295 29.422 201.392 2.880 -0.630 1.270 325.322 0.052 0.124 -0.021 1.764
1623540760.495 29.442 201.431 2.887 -0.768 1.250 324.104 0.073 0.132 -0.022 1.759
1623540760.695 29.442 201.431 2.887 -0.768 1.250 324.104 0.073 0.132 -0.022 1.756
1623540760.895 29.469 201.476 2.869 -1.077 1.288 322.792 0.088 0.136 -0.023 1.744
1623540761.095 29.496 201.513 2.876 -1.426 1.339 321.897 0.102 0.139 -0.027 1.739
1623540761.295 29.496 201.513 2.876 -1.426 1.339 321.897 0.102 0.139 -0.027 1.737
1623540761.495 29.529 201.555 2.884 -1.718 1.399 320.978 0.115 0.136 -0.030 1.736
1623540761.695 29.565 201.595 2.893 -1.889 1.479 319.794 0.118 0.133 -0.026 1.728
1623540761.895 29.565 201.595 2.893 -1.889 1.479 319.794 0.118 0.133 -0.026 1.721
1623540762.095 29.611 201.645 2.873 -1.912 1.541 318.376 0.116 0.126 -0.016 1.724
1623540762.295 29.635 201.671 2.875 -1.693 1.589 317.591 0.106 0.115 -0.005 1.722
1623540762.495 29.635 201.671 2.875 -1.693 1.589 317.591 0.106 0.115 -0.005 1.719
1623540762.695 29.635 201.671 2.875 -1.693 1.589 317.591 0.106 0.115 -0.005 1.718
1623540762.895 29.635 201.671 2.875 -1.693 1.589 317.591 0.106 0.115 -0.005 1.718
1623540763.095 29.690 201.730 2.869 -1.250 1.670 314.761 0.064 0.076 0.024 1.711
1623540763.295 29.706 201.749 2.860 -1.031 1.501 313.445 0.038 0.050 0.028 1.713
1623540763.495 29.711 201.755 2.920 -1.024 1.499 313.031 0.038 0.050 0.027 1.709
1623540763.695 29.713 201.760 2.916 -1.168 1.441 312.065 0.009 0.024 0.022 1.707
1623540763.895 29.712 201.764 2.912 -1.547 1.370 311.065 -0.018 -0.003 0.007 1.707
1623540764.095 29.712 201.764 2.912 -1.547 1.370 311.065 -0.018 -0.003 0.007 1.707
1623540764.295 29.703 201.759 2.912 -1.977 1.320 310.081 -0.042 -0.027 -0.008 1.706
1623540764.495 29.687 201.748 2.916 -2.308 1.270 309.556 -0.061 -0.047 -0.020 1.706
1623540764.695 29.676 201.739 2.975 -2.371 1.233 308.959 -0.061 -0.048 -0.025 1.714
1623540764.895 29.666 201.732 2.979 -2.439 1.240 309.222 -0.077 -0.055 -0.028 1.720
1623540765.095 29.641 201.715 2.989 -2.321 1.230 308.819 -0.084 -0.062 -0.037 1.723
1623540765.295 29.641 201.715 2.989 -2.321 1.230 308.819 -0.084 -0.062 -0.037 1.721
1623540765.495 29.615 201.697 3.001 -2.032 1.260 308.346 -0.089 -0.058 -0.041 1.724
1623540765.695 29.589 201.681 3.014 -1.643 1.309 308.156 -0.085 -0.048 -0.045 1.715
1623540765.895 29.568 201.669 3.018 -1.648 1.306 307.611 -0.085 -0.049 -0.044 1.705
1623540766.095 29.568 201.669 3.018 -1.648 1.306 307.611 -0.085 -0.049 -0.044 1.702
1623540766.295 29.568 201.669 3.018 -1.648 1.306 307.611 -0.085 -0.049 -0.044 1.701
1623540766.495 29.568 201.669 3.018 -1.648 1.306 307.611 -0.085 -0.049 -0.044 1.700
1623540766.695 29.568 201.669 3.018 -1.648 1.306 307.611 -0.085 -0.049 -0.044 1.700
1623540766.895 29.539 201.675 3.046 -0.730 1.680 306.517 -0.002 0.039 -0.023 1.685
1623540767.095 29.539 201.675 3.046 -0.730 1.680 306.517 -0.002 0.039 -0.023 1.671
1623540767.295 29.545 201.695 3.014 -0.664 1.643 305.168 0.027 0.067 -0.015 1.658
1623540767.495 29.556 201.716 3.017 -0.887 1.709 304.206 0.055 0.097 -0.008 1.648
1623540767.695 29.556 201.716 3.017 -0.887 1.709 304.206 0.055 0.097 -0.008 1.641
1623540767.895 29.577 201.749 3.019 -1.128 1.780 302.863 0.085 0.121 -0.007 1.633
1623540768.095 29.607 201.790 3.021 -1.288 1.810 302.114 0.104 0.151 -0.000 1.632
1623540768.295 29.607 201.790 3.021 -1.288 1.810 302.114 0.104 0.151 -0.000 1.634
1623540768.495 29.654 201.857 2.974 -1.421 1.789 300.482 0.114 0.168 0.010 1.650
1623540768.695 29.677 201.890 2.971 -1.479 1.711 299.749 0.120 0.173 0.020 1.653
1623540768.895 29.677 201.890 2.971 -1.479 1.711 299.749 0.120 0.173 0.020 1.651
1623540769.095 29.713 201.942 2.963 -1.480 1.650 299.694 0.121 0.172 0.032 1.654
1623540769.295 29.749 201.993 2.951 -1.430 1.561 298.743 0.110 0.163 0.043 1.660
1623540769.495 29.749 201.993 2.951 -1.430 1.561 298.743 0.110 0.163 0.043 1.666
1623540769.695 29.780 202.039 2.936 -1.360 1.461 297.657 0.091 0.145 0.055 1.673
1623540769.895 29.796 202.065 2.961 -1.377 1.439 297.144 0.090 0.146 0.052 1.676
1623540770.095 29.796 202.065 2.961 -1.377 1.439 297.144 0.090 0.146 0.052 1.677
1623540770.295 29.820 202.111 2.934 -1.469 1.380 296.072 0.035 0.084 0.066 1.672
1623540770.496 29.825 202.131 2.915 -1.400 1.251 294.691 0.000 0.048 0.061 1.671
1623540770.695 29.825 202.131 2.915 -1.400 1.251 294.691 0.000 0.048 0.061 1.670
1623540770.895 29.820 202.139 2.899 -1.648 1.230 294.199 -0.033 0.007 0.047 1.670
1623540771.095 29.805 202.136 2.983 -1.986 1.229 293.883 -0.066 -0.028 0.029 1.670
1623540771.295 29.805 202.136 2.983 -1.986 1.229 293.883 -0.066 -0.028 0.029 1.670
1623540771.495 29.781 202.123 2.977 -2.347 1.250 293.649 -0.092 -0.059 0.012 1.670
1623540771.695 29.750 202.101 2.975 -2.559 1.260 293.336 -0.112 -0.085 -0.004 1.670
1623540771.895 29.750 202.101 2.975 -2.559 1.260 293.336 -0.112 -0.085 -0.004 1.670
1623540772.095 29.714 202.074 2.979 -2.669 1.309 293.368 -0.128 -0.095 -0.021 1.745
1623540772.295 29.678 202.047 3.002 -2.784 1.281 292.847 -0.127 -0.097 -0.024 1.755
1623540772.495 29.676 202.044 3.004 -2.660 1.369 293.453 -0.122 -0.100 -0.039 1.755
1623540772.695 29.641 202.015 3.017 -2.442 1.429 292.998 -0.108 -0.092 -0.048 1.755
1623540772.895 29.641 202.015 3.017 -2.442 1.429 292.998 -0.108 -0.092 -0.048 1.755
1623540773.095 29.611 201.989 3.032 -1.993 1.539 292.444 -0.086 -0.082 -0.051 1.744
1623540773.295 29.611 201.989 3.032 -1.993 1.539 292.444 -0.086 -0.082 -0.051 1.740
1623540773.495 29.611 201.989 3.032 -1.993 1.539 292.444 -0.086 -0.082 -0.051 1.738
1623540773.695 29.576 201.956 2.987 -0.889 1.912 291.586 -0.026 -0.024 -0.026 1.736
1623540773.895 29.572 201.954 2.992 -0.295 1.940 289.816 -0.000 0.009 -0.010 1.729
1623540774.095 29.572 201.954 2.992 -0.295 1.940 289.816 -0.000 0.009 -0.010 1.722
1623540774.295 29.575 201.962 2.993 -0.061 2.030 288.455 0.022 0.042 0.002 1.724
1623540774.496 29.585 201.979 2.992 -0.138 2.020 287.204 0.038 0.072 0.011 1.708
1623540774.695 29.585 201.979 2.992 -0.138 2.020 287.204 0.038 0.072 0.011 1.692
1623540774.895 29.602 202.011 2.929 -0.526 1.941 285.637 0.049 0.094 0.016 1.711
1623540775.095 29.615 202.036 2.925 -1.122 1.772 284.912 0.057 0.117 0.018 1.716
1623540775.295 29.615 202.036 2.925 -1.122 1.772 284.912 0.057 0.117 0.018 1.717
1623540775.495 29.633 202.073 2.920 -1.775 1.562 283.708 0.061 0.129 0.016 1.722
1623540775.695 29.652 202.113 2.916 -2.326 1.341 282.855 0.065 0.137 0.011 1.728
1623540775.895 29.652 202.113 2.916 -2.326 1.341 282.855 0.065 0.137 0.011 1.732
1623540775.995 29.673 202.155 2.913 -2.609 1.121 282.339 0.069 0.136 0.006 1.733
1623540776.195 29.683 202.174 2.875 -2.685 1.085 281.927 0.068 0.137 0.008 1.734
1623540776.395 29.695 202.196 2.874 -2.572 0.931 281.345 0.073 0.136 0.002 1.735
1623540776.595 29.695 202.196 2.874 -2.572 0.931 281.345 0.073 0.136 0.002 1.735
1623540776.795 29.695 202.196 2.874 -2.572 0.931 281.345 0.073 0.136 0.002 1.735
1623540776.995 29.743 202.280 2.874 -1.981 1.029 281.093 0.081 0.131 -0.002 1.735
1623540777.195 29.743 202.280 2.874 -1.981 1.029 281.093 0.081 0.131 -0.002 1.735
1623540777.395 29.782 202.344 2.874 -1.405 1.044 278.661 0.076 0.134 0.000 1.724
1623540777.595 29.792 202.360 2.875 -1.015 1.267 278.593 0.078 0.135 0.003 1.716
1623540777.795 29.792 202.360 2.875 -1.015 1.267 278.593 0.078 0.135 0.003 1.711
1623540777.995 29.816 202.402 2.874 -0.870 1.458 278.228 0.079 0.138 0.005 1.702
1623540778.195 29.840 202.444 2.872 -0.909 1.678 277.780 0.083 0.143 0.010 1.708
1623540778.395 29.840 202.444 2.872 -0.909 1.678 277.780 0.083 0.143 0.010 1.716
1623540778.595 29.866 202.488 2.867 -1.088 1.869 277.254 0.084 0.147 0.022 1.706
1623540778.795 29.893 202.533 2.852 -1.386 2.019 276.257 0.092 0.148 0.042 1.721
1623540778.995 29.893 202.533 2.852 -1.386 2.019 276.257 0.092 0.148 0.042 1.738
1623540779.195 29.921 202.578 2.837 -1.677 2.120 275.121 0.088 0.148 0.063 1.753
1623540779.395 29.947 202.622 2.814 -1.868 2.160 274.606 0.085 0.144 0.083 1.760
1623540779.595 29.947 202.622 2.814 -1.868 2.160 274.606 0.085 0.144 0.083 1.763
1623540779.795 29.973 202.665 2.786 -1.899 2.091 273.653 0.080 0.139 0.104 1.786
1623540779.995 29.997 202.706 2.767 -1.961 2.124 272.847 0.078 0.140 0.101 1.795
1623540780.195 29.997 202.706 2.767 -1.961 2.124 272.847 0.078 0.140 0.101 1.798
1623540780.395 30.020 202.746 2.722 -1.859 1.951 272.746 0.069 0.120 0.144 1.823
1623540780.595 30.040 202.780 2.675 -1.542 1.732 271.170 0.059 0.109 0.166 1.854
1623540780.795 30.040 202.780 2.675 -1.542 1.732 271.170 0.059 0.109 0.166 1.860
1623540780.995 30.057 202.811 2.621 -1.321 1.581 270.784 0.050 0.094 0.191 1.860
1623540781.195 30.070 202.837 2.559 -1.161 1.510 270.285 0.035 0.076 0.218 1.939
1623540781.395 30.071 202.839 2.624 -1.156 1.508 270.201 0.035 0.076 0.218 1.969
1623540781.595 30.078 202.857 2.562 -1.060 1.480 270.140 0.017 0.056 0.240 1.979
1623540781.795 30.080 202.870 2.487 -1.049 1.529 269.867 -0.003 0.032 0.253 1.983
1623540781.995 30.078 202.877 2.433 -1.069 1.589 269.848 -0.015 0.035 0.250 1.985
1623540782.195 30.078 202.877 2.433 -1.069 1.589 269.848 -0.015 0.035 0.250 1.985
1623540782.395 30.070 202.883 2.379 -1.177 1.620 269.747 -0.062 0.015 0.255 1.986
1623540782.595 30.055 202.877 2.405 -1.368 1.638 270.098 -0.049 -0.041 0.265 1.986
1623540782.795 30.045 202.870 2.366 -1.613 1.699 270.585 -0.074 -0.051 0.254 1.986
1623540782.995 30.045 202.870 2.366 -1.613 1.699 270.585 -0.074 -0.051 0.254 2.144
1623540783.195 30.003 202.837 2.228 -2.168 1.860 272.227 -0.083 -0.072 0.258 2.203
1623540783.395 29.977 202.815 2.174 -2.298 1.772 271.694 -0.157 -0.137 0.243 2.224
1623540783.595 29.977 202.815 2.174 -2.298 1.772 271.694 -0.157 -0.137 0.243 2.232
1623540783.795 29.919 202.758 2.125 -2.500 1.874 271.541 -0.155 -0.162 0.242 2.235
1623540783.995 29.913 202.745 2.111 -2.450 1.929 271.943 -0.128 -0.188 0.232 2.236
1623540784.195 29.886 202.708 2.062 -2.341 1.970 272.043 -0.122 -0.158 0.225 2.237
1623540784.395 29.859 202.669 2.015 -2.211 2.000 272.566 -0.136 -0.200 0.216 2.237
